x,y,z
6.059356033802032471e-02,1.647757738828659058e-01,4.107007682323455811e-01
1.999534368515014648e-01,1.159789189696311951e-01,1.142252758145332336e-01
3.090765699744224548e-02,-6.542974710464477539e-02,2.906662598252296448e-02
2.832275256514549255e-02,-6.820110976696014404e-02,2.431770414113998413e-02
2.841401658952236176e-02,-6.872735917568206787e-02,2.370857819914817810e-02
2.863750979304313660e-02,-6.934225559234619141e-02,2.284302562475204468e-02
2.897087857127189636e-02,-6.994386762380599976e-02,2.181695774197578430e-02
2.941366285085678101e-02,-7.057369500398635864e-02,2.061172761023044586e-02
2.995443344116210938e-02,-7.120028138160705566e-02,1.927138864994049072e-02
3.059211187064647675e-02,-7.182542234659194946e-02,1.780094206333160400e-02
3.059211187064647675e-02,-7.182542234659194946e-02,1.780094206333160400e-02
1.096884720027446747e-02,-7.082091271877288818e-02,1.328977495431900024e-01
1.357751712203025818e-02,-6.965323537588119507e-02,1.422927677631378174e-01
1.392947509884834290e-02,-6.787624955177307129e-02,1.420598775148391724e-01
1.398430392146110535e-02,-6.699990481138229370e-02,1.416752934455871582e-01
1.390298642218112946e-02,-6.662215292453765869e-02,1.412683725357055664e-01
1.378795690834522247e-02,-6.637831032276153564e-02,1.408577412366867065e-01
1.366359088569879532e-02,-6.628072261810302734e-02,1.405059546232223511e-01
1.371782086789608002e-02,-6.617750972509384155e-02,1.405483484268188477e-01
1.378769893199205399e-02,-6.597038358449935913e-02,1.405651271343231201e-01
1.378769893199205399e-02,-6.597038358449935913e-02,1.405651271343231201e-01
-3.312394767999649048e-02,-6.023307517170906067e-02,1.660164594650268555e-01
-4.828772693872451782e-02,-4.739439114928245544e-02,8.480949699878692627e-02
-3.605788201093673706e-02,-9.613054990768432617e-02,-9.014580398797988892e-03
-3.792572766542434692e-02,-9.234476089477539062e-02,-8.089806884527206421e-03
-3.826769813895225525e-02,-9.303400665521621704e-02,-7.905553095042705536e-03
-3.789392113685607910e-02,-9.251966327428817749e-02,-9.183073416352272034e-03
-3.745834529399871826e-02,-9.275787323713302612e-02,-1.017078012228012085e-02
-3.793505951762199402e-02,-9.330675005912780762e-02,-8.381119929254055023e-03
-3.725441172719001770e-02,-9.413793683052062988e-02,-1.098156999796628952e-02
-3.725441172719001770e-02,-9.413793683052062988e-02,-1.098156999796628952e-02
-4.958074539899826050e-02,-4.919818788766860962e-02,1.220532953739166260e-01
-4.522175714373588562e-02,-6.585347652435302734e-02,1.086645722389221191e-01
-1.964160241186618805e-02,-1.611091643571853638e-01,6.810819357633590698e-02
8.907525800168514252e-03,-2.675295770168304443e-01,9.277576953172683716e-02
2.853927947580814362e-02,-3.407269120216369629e-01,1.805590242147445679e-01
3.063212148845195770e-02,-3.484970927238464355e-01,2.916432917118072510e-01
1.503610517829656601e-02,-2.902761399745941162e-01,3.876532614231109619e-01
-1.239247247576713562e-02,-1.879236549139022827e-01,4.289108216762542725e-01
-4.076398536562919617e-02,-8.206330984830856323e-02,3.986891508102416992e-01
-4.076398536562919617e-02,-8.206330984830856323e-02,3.986891508102416992e-01
-4.591640830039978027e-02,-6.284392625093460083e-02,4.894809424877166748e-01
-1.481410209089517593e-02,-1.788938939571380615e-01,4.755606949329376221e-01
5.039544310420751572e-03,-2.529139816761016846e-01,3.432024121284484863e-01
4.718228708952665329e-03,-2.516869008541107178e-01,3.026017248630523682e-01
3.164397785440087318e-03,-2.458939403295516968e-01,3.773055672645568848e-01
-1.222674734890460968e-02,-1.884809434413909912e-01,4.664486646652221680e-01
-3.948954120278358459e-02,-8.680106699466705322e-02,5.066643357276916504e-01
-6.780647486448287964e-02,1.884702965617179871e-02,4.762088954448699951e-01
-8.580044656991958618e-02,8.600237220525741577e-02,3.864691257476806641e-01
-8.580044656991958618e-02,8.600237220525741577e-02,3.864691257476806641e-01
-1.039494499564170837e-01,1.538064926862716675e-01,4.475104808807373047e-01
-7.680565118789672852e-02,5.249059200286865234e-02,5.081003904342651367e-01
-4.040120169520378113e-02,-8.341568708419799805e-02,4.471381306648254395e-01
-3.380010649561882019e-02,-1.080684438347816467e-01,4.089729785919189453e-01
-4.717013239860534668e-02,-5.817239731550216675e-02,4.702694118022918701e-01
-7.351978868246078491e-02,4.018152132630348206e-02,5.066960453987121582e-01
-1.015868559479713440e-01,1.449576169252395630e-01,4.758104383945465088e-01
-1.194880455732345581e-01,2.117964774370193481e-01,3.859893381595611572e-01
-1.199671849608421326e-01,2.136004269123077393e-01,2.726683616638183594e-01
-1.199671849608421326e-01,2.136004269123077393e-01,2.726683616638183594e-01
-1.403174698352813721e-01,2.895163297653198242e-01,2.857252061367034912e-01
-1.315555274486541748e-01,2.567788362503051758e-01,3.911625146865844727e-01
-9.286338090896606445e-02,1.123806312680244446e-01,4.260382056236267090e-01
-8.182310312986373901e-02,7.117353379726409912e-02,4.108377993106842041e-01
-1.027708724141120911e-01,1.493515968322753906e-01,4.290490150451660156e-01
-1.289236396551132202e-01,2.469541281461715698e-01,3.969775438308715820e-01
-1.465104520320892334e-01,3.125795423984527588e-01,3.075819313526153564e-01
-1.469290703535079956e-01,3.141313195228576660e-01,1.944566220045089722e-01
-1.297848522663116455e-01,2.501433491706848145e-01,1.026630923151969910e-01
-1.297848522663116455e-01,2.501433491706848145e-01,1.026630923151969910e-01
-1.501785665750503540e-01,3.262301981449127197e-01,5.315823107957839966e-02
-1.574004739522933960e-01,3.531731367111206055e-01,1.711157709360122681e-01
-1.317403167486190796e-01,2.574357092380523682e-01,2.882815599441528320e-01
-1.205834224820137024e-01,2.158100754022598267e-01,3.014804124832153320e-01
-1.396441161632537842e-01,2.869426906108856201e-01,2.692770063877105713e-01
-1.561585068702697754e-01,3.485582768917083740e-01,1.820481717586517334e-01
-1.564784497022628784e-01,3.497290611267089844e-01,6.957380473613739014e-02
-1.410784423351287842e-01,2.940354645252227783e-01,-8.455157279968261719e-03
-1.213382631540298462e-01,2.311765849590301514e-01,-1.221354398876428604e-02
-1.213382631540298462e-01,2.311765849590301514e-01,-1.221354398876428604e-02
-1.383289098739624023e-01,2.928032577037811279e-01,-2.088243328034877777e-02
-1.475051939487457275e-01,3.415278196334838867e-01,2.421550638973712921e-02
-1.475021839141845703e-01,3.415659368038177490e-01,2.426721714437007904e-02
-1.474822312593460083e-01,3.415852189064025879e-01,2.433068491518497467e-02
-1.471951454877853394e-01,3.416717648506164551e-01,2.441781014204025269e-02
-1.464074552059173584e-01,3.418985307216644287e-01,2.463981509208679199e-02
-1.466019451618194580e-01,3.403593301773071289e-01,2.201852388679981232e-02
-1.386466920375823975e-01,2.989329099655151367e-01,-4.645740613341331482e-03
-1.192739009857177734e-01,2.309939116239547729e-01,-1.671855454333126545e-03
-1.192739009857177734e-01,2.309939116239547729e-01,-1.671855454333126545e-03
-1.440067887306213379e-01,3.026957511901855469e-01,-1.342237554490566254e-02
-1.532078087329864502e-01,3.402280807495117188e-01,2.421898581087589264e-02
-1.531035006046295166e-01,3.402856588363647461e-01,2.429817430675029755e-02
-1.526837497949600220e-01,3.404149711132049561e-01,2.436223626136779785e-02
-1.518987566232681274e-01,3.406364321708679199e-01,2.440757490694522858e-02
-1.505927443504333496e-01,3.410316109657287598e-01,2.466548047959804535e-02
-1.508237123489379883e-01,3.394554257392883301e-01,2.193449810147285461e-02
-1.376122832298278809e-01,2.989058196544647217e-01,-5.771755240857601166e-03
-1.187295392155647278e-01,2.310793846845626831e-01,-4.456587135791778564e-03
-1.187295392155647278e-01,2.310793846845626831e-01,-4.456587135791778564e-03
-2.351871877908706665e-01,1.665553748607635498e-01,3.604274094104766846e-01
1.014260873198509216e-01,-1.609359979629516602e-01,4.690115153789520264e-01
2.058633714914321899e-01,-2.405657470226287842e-01,4.141135141253471375e-02
1.493273377418518066e-01,-1.958923935890197754e-01,-4.509081691503524780e-02
1.966016888618469238e-01,-2.300401329994201660e-01,-4.770895838737487793e-02
2.291435450315475464e-01,-2.567846477031707764e-01,-4.748189076781272888e-02
2.421820163726806641e-01,-2.696493268013000488e-01,-1.701417146250605583e-03
2.330788671970367432e-01,-2.613495886325836182e-01,1.019895076751708984e-01
1.745299845933914185e-01,-2.152452319860458374e-01,1.851098537445068359e-01
1.745299845933914185e-01,-2.152452319860458374e-01,1.851098537445068359e-01
2.415732145309448242e-01,-2.685479819774627686e-01,5.712133646011352539e-02
2.396577745676040649e-01,-2.691955566406250000e-01,-1.464827917516231537e-02
1.598307490348815918e-01,-1.985630095005035400e-01,-4.348089173436164856e-02
1.438124477863311768e-01,-1.882904320955276489e-01,-4.623761400580406189e-02
1.947924643754959106e-01,-2.288510799407958984e-01,-4.723772779107093811e-02
2.286129295825958252e-01,-2.584559619426727295e-01,-3.944725915789604187e-02
2.394168227910995483e-01,-2.705379426479339600e-01,-6.774352863430976868e-03
2.331908047199249268e-01,-2.641513347625732422e-01,9.005609899759292603e-02
1.815201342105865479e-01,-2.227531224489212036e-01,1.761970967054367065e-01
1.815201342105865479e-01,-2.227531224489212036e-01,1.761970967054367065e-01
2.535409629344940186e-01,-2.781392335891723633e-01,1.683036237955093384e-01
2.481550425291061401e-01,-2.736052572727203369e-01,3.329084441065788269e-02
1.689127087593078613e-01,-2.067231684923171997e-01,-2.647748589515686035e-02
1.602944433689117432e-01,-1.988606601953506470e-01,-2.731752395629882812e-02
2.099202275276184082e-01,-2.411027848720550537e-01,-9.597783908247947693e-03
2.556326985359191895e-01,-2.793614566326141357e-01,5.876403301954269409e-02
2.615942358970642090e-01,-2.842180132865905762e-01,1.675325036048889160e-01
2.143997102975845337e-01,-2.468557357788085938e-01,2.632060945034027100e-01
1.313414871692657471e-01,-1.811471432447433472e-01,3.044794499874114990e-01
1.313414871692657471e-01,-1.811471432447433472e-01,3.044794499874114990e-01
1.613658666610717773e-01,-2.048675417900085449e-01,3.891116082668304443e-01
2.304078787565231323e-01,-2.594462037086486816e-01,3.063028156757354736e-01
2.168690562248229980e-01,-2.487436830997467041e-01,1.546923369169235229e-01
1.932434737682342529e-01,-2.300669550895690918e-01,1.181316673755645752e-01
2.276466786861419678e-01,-2.572679221630096436e-01,1.846628189086914062e-01
2.325411289930343628e-01,-2.611326575279235840e-01,2.923657596111297607e-01
1.853259205818176270e-01,-2.237964123487472534e-01,3.877340257167816162e-01
1.022595912218093872e-01,-1.581213176250457764e-01,4.289121031761169434e-01
1.630449667572975159e-02,-9.016513824462890625e-02,3.986867964267730713e-01
1.630449667572975159e-02,-9.016513824462890625e-02,3.986867964267730713e-01
6.950281094759702682e-04,-7.782612740993499756e-02,4.894802272319793701e-01
9.494362026453018188e-02,-1.523397117853164673e-01,4.755622744560241699e-01
1.550721526145935059e-01,-1.998584270477294922e-01,3.432051539421081543e-01
1.532604247331619263e-01,-1.984209269285202026e-01,2.964678704738616943e-01
1.496101319789886475e-01,-1.955331861972808838e-01,3.762155771255493164e-01
1.028612032532691956e-01,-1.585775464773178101e-01,4.663273692131042480e-01
2.018398791551589966e-02,-9.322676807641983032e-02,5.066629052162170410e-01
-6.564010679721832275e-02,-2.537653408944606781e-02,4.762121140956878662e-01
-1.201794147491455078e-01,1.774782501161098480e-02,3.864698708057403564e-01
-1.201794147491455078e-01,1.774782501161098480e-02,3.864698708057403564e-01
-1.752268373966217041e-01,6.129709258675575256e-02,4.475110173225402832e-01
-9.295225888490676880e-02,-3.761707572266459465e-03,5.081004500389099121e-01
1.753561384975910187e-02,-9.113854914903640747e-02,4.469589889049530029e-01
3.744286298751831055e-02,-1.068845912814140320e-01,4.089234471321105957e-01
-3.092021914198994637e-03,-7.483427226543426514e-02,4.702637195587158203e-01
-8.296536654233932495e-02,-1.167351566255092621e-02,5.066959857940673828e-01
-1.680477559566497803e-01,5.561020970344543457e-02,4.758105576038360596e-01
-2.223202586174011230e-01,9.853342920541763306e-02,3.859893977642059326e-01
-2.237818390130996704e-01,9.969431161880493164e-02,2.726683616638183594e-01
-2.237818390130996704e-01,9.969431161880493164e-02,2.726683616638183594e-01
-2.965498566627502441e-01,1.572153568267822266e-01,2.798965871334075928e-01
-2.588614821434020996e-01,1.274086087942123413e-01,3.911625146865844727e-01
-1.607446223497390747e-01,4.983030632138252258e-02,4.297417402267456055e-01
-1.122410222887992859e-01,1.147642452269792557e-02,4.133797287940979004e-01
-1.702810823917388916e-01,5.736797675490379333e-02,4.290683865547180176e-01
-2.506956756114959717e-01,1.209511831402778625e-01,3.971439301967620850e-01
-3.041605055332183838e-01,1.632224917411804199e-01,3.076496124267578125e-01
-3.054442703723907471e-01,1.642341017723083496e-01,1.944676786661148071e-01
-2.534800171852111816e-01,1.231445148587226868e-01,1.026642397046089172e-01
-2.534800171852111816e-01,1.231445148587226868e-01,1.026642397046089172e-01
-3.152734935283660889e-01,1.719966381788253784e-01,5.315921455621719360e-02
-3.371548354625701904e-01,1.892949789762496948e-01,1.711168885231018066e-01
-2.594012022018432617e-01,1.278245449066162109e-01,2.882820367813110352e-01
-2.256847470998764038e-01,1.011690646409988403e-01,3.014685809612274170e-01
-2.833745777606964111e-01,1.467833817005157471e-01,2.692669630050659180e-01
-3.334038555622100830e-01,1.863357871770858765e-01,1.820453256368637085e-01
-3.343586325645446777e-01,1.870830506086349487e-01,6.957319378852844238e-02
-2.889016568660736084e-01,1.510879695415496826e-01,-8.636139333248138428e-03
-2.288613170385360718e-01,1.007510125637054443e-01,-2.454441227018833160e-02
-2.288613170385360718e-01,1.007510125637054443e-01,-2.454441227018833160e-02
-2.954464852809906006e-01,1.577605009078979492e-01,-1.009408570826053619e-02
-3.138337731361389160e-01,1.716254800558090210e-01,-1.119162770919501781e-03
-3.165578544139862061e-01,1.736164391040802002e-01,3.595480462536215782e-03
-3.261093795299530029e-01,1.814781874418258667e-01,2.448552288115024567e-02
-3.255721926689147949e-01,1.823718696832656860e-01,2.476667799055576324e-02
-3.257098495960235596e-01,1.827373057603836060e-01,2.551362663507461548e-02
-3.234900832176208496e-01,1.812219172716140747e-01,2.031137607991695404e-02
-2.897411584854125977e-01,1.518952250480651855e-01,-9.897699579596519470e-03
-2.210006266832351685e-01,9.362941235303878784e-02,-4.002268612384796143e-02
-2.210006266832351685e-01,9.362941235303878784e-02,-4.002268612384796143e-02
-2.951387166976928711e-01,1.553528755903244019e-01,-1.752372644841670990e-02
-3.145723044872283936e-01,1.706918478012084961e-01,-1.071833539754152298e-03
-3.145878612995147705e-01,1.706811487674713135e-01,-1.084238872863352299e-03
-3.146008253097534180e-01,1.706527620553970337e-01,-1.079492736607789993e-03
-3.146128356456756592e-01,1.706124246120452881e-01,-1.072529237717390060e-03
-3.145759999752044678e-01,1.706070601940155029e-01,-1.072036800906062126e-03
-3.145439326763153076e-01,1.705357730388641357e-01,-1.159756910055875778e-03
-2.889058589935302734e-01,1.483937352895736694e-01,-1.172603480517864227e-02
-2.190769761800765991e-01,9.136737883090972900e-02,-4.369403794407844543e-02
-2.190769761800765991e-01,9.136737883090972900e-02,-4.369403794407844543e-02
-3.244521021842956543e-01,-4.287400282919406891e-03,3.026410043239593506e-01
1.104399040341377258e-01,-6.707523018121719360e-02,4.978300333023071289e-01
3.231537640094757080e-01,-7.154985517263412476e-02,9.993956983089447021e-02
2.368660420179367065e-01,-6.379405409097671509e-02,-5.787360295653343201e-02
2.897209525108337402e-01,-7.157956063747406006e-02,-4.778225347399711609e-02
3.351601362228393555e-01,-7.480234652757644653e-02,-4.971031099557876587e-02
3.550460338592529297e-01,-7.361713051795959473e-02,-3.762610023841261864e-03
3.427100181579589844e-01,-7.193202525377273560e-02,1.021360084414482117e-01
2.673787772655487061e-01,-6.934749335050582886e-02,1.855375766754150391e-01
2.673787772655487061e-01,-6.934749335050582886e-02,1.855375766754150391e-01
3.538291156291961670e-01,-7.123125344514846802e-02,5.604453012347221375e-02
3.546145558357238770e-01,-7.291550934314727783e-02,-2.954280236735939980e-03
2.653428912162780762e-01,-6.533404439687728882e-02,-4.801554605364799500e-02
2.278442829847335815e-01,-6.479236483573913574e-02,-6.367982923984527588e-02
2.805618345737457275e-01,-7.097434997558593750e-02,-5.977166444063186646e-02
3.358989357948303223e-01,-7.349632680416107178e-02,-4.276538267731666565e-02
3.532388508319854736e-01,-7.628930360078811646e-02,-5.924330092966556549e-03
3.403781652450561523e-01,-7.266034185886383057e-02,1.021915525197982788e-01
2.705845832824707031e-01,-6.959474831819534302e-02,1.816571503877639771e-01
2.705845832824707031e-01,-6.959474831819534302e-02,1.816571503877639771e-01
3.684800565242767334e-01,-7.155236601829528809e-02,1.739137917757034302e-01
3.635989725589752197e-01,-7.129018008708953857e-02,3.581797331571578979e-02
2.633148133754730225e-01,-6.761407107114791870e-02,-2.622567489743232727e-02
2.398104667663574219e-01,-6.455819308757781982e-02,-3.792678937315940857e-02
3.053166568279266357e-01,-6.645562499761581421e-02,-2.073406055569648743e-02
3.712208569049835205e-01,-7.101686298847198486e-02,5.618234723806381226e-02
3.796074688434600830e-01,-7.170806825160980225e-02,1.670874059200286865e-01
3.194201290607452393e-01,-6.996912509202957153e-02,2.631467580795288086e-01
2.135326862335205078e-01,-6.687051057815551758e-02,3.044737875461578369e-01
2.135326862335205078e-01,-6.687051057815551758e-02,3.044737875461578369e-01
2.517743408679962158e-01,-6.796969473361968994e-02,3.891105055809020996e-01
3.397455811500549316e-01,-7.051974534988403320e-02,3.063032031059265137e-01
3.224951624870300293e-01,-7.002004235982894897e-02,1.546931266784667969e-01
2.923912405967712402e-01,-6.914698332548141479e-02,1.181318536400794983e-01
3.362299799919128418e-01,-7.042159885168075562e-02,1.846628934144973755e-01
3.424629271030426025e-01,-7.059876620769500732e-02,2.923692464828491211e-01
2.822952866554260254e-01,-6.884509325027465820e-02,3.877343833446502686e-01
1.737442463636398315e-01,-6.569048017263412476e-02,4.290361106395721436e-01
6.653881072998046875e-02,-6.257658451795578003e-02,3.984325528144836426e-01
6.653881072998046875e-02,-6.257658451795578003e-02,3.984325528144836426e-01
4.671002924442291260e-02,-6.200205534696578979e-02,4.893983006477355957e-01
1.668524891138076782e-01,-6.549188494682312012e-02,4.757421612739562988e-01
2.437035888433456421e-01,-6.770899891853332520e-02,3.435166776180267334e-01
2.414340674877166748e-01,-6.763902306556701660e-02,2.965396642684936523e-01
2.367662638425827026e-01,-6.750202178955078125e-02,3.762274682521820068e-01
1.772013157606124878e-01,-6.577523797750473022e-02,4.663286805152893066e-01
7.186054438352584839e-02,-6.272672116756439209e-02,5.066629052162170410e-01
-3.749801963567733765e-02,-5.955243855714797974e-02,4.762121140956878662e-01
-1.069961041212081909e-01,-5.752963945269584656e-02,3.864732384681701660e-01
-1.069961041212081909e-01,-5.752963945269584656e-02,3.864732384681701660e-01
-1.771562099456787109e-01,-5.546940863132476807e-02,4.475131034851074219e-01
-7.231046259403228760e-02,-5.852425098419189453e-02,5.081006288528442383e-01
6.832593679428100586e-02,-6.262823939323425293e-02,4.471357464790344238e-01
9.383444488048553467e-02,-6.337503343820571899e-02,4.089723229408264160e-01
4.219974949955940247e-02,-6.187274679541587830e-02,4.702693223953247070e-01
-5.957946926355361938e-02,-5.890668183565139771e-02,5.066960453987121582e-01
-1.680036038160324097e-01,-5.574393644928932190e-02,4.758104383945465088e-01
-2.371686398983001709e-01,-5.372312664985656738e-02,3.859893381595611572e-01
-2.390342354774475098e-01,-5.366474390029907227e-02,2.726683616638183594e-01
-2.390342354774475098e-01,-5.366474390029907227e-02,2.726683616638183594e-01
-3.317523002624511719e-01,-5.097928270697593689e-02,2.798965871334075928e-01
-2.837214171886444092e-01,-5.238233879208564758e-02,3.911634087562561035e-01
-1.583749055862426758e-01,-5.602853372693061829e-02,4.297558665275573730e-01
-9.682592004537582397e-02,-5.782137438654899597e-02,4.133561551570892334e-01
-1.708334684371948242e-01,-5.566796287894248962e-02,4.290688037872314453e-01
-2.733146846294403076e-01,-5.268578976392745972e-02,3.971449732780456543e-01
-3.414503633975982666e-01,-5.070535093545913696e-02,3.076318502426147461e-01
-3.430770635604858398e-01,-5.066073313355445862e-02,1.944646388292312622e-01
-2.768590152263641357e-01,-5.258910357952117920e-02,1.026640236377716064e-01
-2.768590152263641357e-01,-5.258910357952117920e-02,1.026640236377716064e-01
-3.555976152420043945e-01,-5.030372366309165955e-02,5.315900593996047974e-02
-3.834791779518127441e-01,-4.949478432536125183e-02,1.711166352033615112e-01
-2.844037711620330811e-01,-5.237095803022384644e-02,2.882819175720214844e-01
-2.413275837898254395e-01,-5.362135544419288635e-02,3.014804422855377197e-01
-3.149387240409851074e-01,-5.147983506321907043e-02,2.692770361900329590e-01
-3.787021934986114502e-01,-4.962855577468872070e-02,1.820481866598129272e-01
-3.799155652523040771e-01,-4.959927126765251160e-02,6.957380473613739014e-02
-3.228086233139038086e-01,-5.150612071156501770e-02,-7.518736645579338074e-03
-2.626163065433502197e-01,-5.466580018401145935e-02,-5.754534620791673660e-03
-2.626163065433502197e-01,-5.466580018401145935e-02,-5.754534620791673660e-03
-3.290055394172668457e-01,-5.389678105711936951e-02,-1.781798340380191803e-02
-3.540084362030029297e-01,-5.363717675209045410e-02,-1.345278578810393810e-03
-3.571438491344451904e-01,-5.389306694269180298e-02,3.058933187276124954e-03
-3.699283003807067871e-01,-5.313884466886520386e-02,2.456551603972911835e-02
-3.698651492595672607e-01,-5.110960453748703003e-02,2.440008334815502167e-02
-3.698103427886962891e-01,-5.004633590579032898e-02,2.434044517576694489e-02
-3.683652281761169434e-01,-5.051016807556152344e-02,2.146275900304317474e-02
-3.260121643543243408e-01,-5.149788409471511841e-02,-2.386046573519706726e-03
-2.587589919567108154e-01,-5.389186367392539978e-02,2.867375966161489487e-03
-2.587589919567108154e-01,-5.389186367392539978e-02,2.867375966161489487e-03
-3.369909226894378662e-01,-4.648319631814956665e-02,-1.131119206547737122e-02
-3.541517853736877441e-01,-4.074237868189811707e-02,-1.236573589267209172e-04
-3.543215692043304443e-01,-3.982454538345336914e-02,4.424077633302658796e-04
-3.542992770671844482e-01,-3.994788601994514465e-02,3.896551788784563541e-04
-3.542737364768981934e-01,-4.010353609919548035e-02,3.393084043636918068e-04
-3.542401194572448730e-01,-4.031528532505035400e-02,2.900038671214133501e-04
-3.542151749134063721e-01,-4.045671969652175903e-02,2.272252022521570325e-04
-3.262777030467987061e-01,-4.947505518794059753e-02,-7.211364572867751122e-05
-2.586037516593933105e-01,-5.369549989700317383e-02,2.787562087178230286e-03
-2.586037516593933105e-01,-5.369549989700317383e-02,2.787562087178230286e-03
-2.172858417034149170e-01,-1.747372299432754517e-01,3.718900978565216064e-01
1.956924498081207275e-01,5.869556590914726257e-02,4.608381688594818115e-01
2.864258885383605957e-01,1.257821619510650635e-01,2.821442484855651855e-02
2.293788194656372070e-01,8.787611871957778931e-02,-4.625124111771583557e-02
2.767003476619720459e-01,1.217955946922302246e-01,-4.615332558751106262e-02
3.187118470668792725e-01,1.495726555585861206e-01,-3.139331936836242676e-02
3.277157247066497803e-01,1.546391099691390991e-01,-1.544966216897591949e-04
3.175068199634552002e-01,1.473030447959899902e-01,1.018363386392593384e-01
2.565442323684692383e-01,1.047091707587242126e-01,1.849483996629714966e-01
2.565442323684692383e-01,1.047091707587242126e-01,1.849483996629714966e-01
3.268971145153045654e-01,1.536361873149871826e-01,5.702525749802589417e-02
3.250643312931060791e-01,1.506802737712860107e-01,-9.196411818265914917e-03
2.440298348665237427e-01,8.922605216503143311e-02,-3.388238698244094849e-02
2.307507991790771484e-01,8.036293089389801025e-02,-3.522500768303871155e-02
2.781702280044555664e-01,1.196513101458549500e-01,-4.450990259647369385e-02
3.149046003818511963e-01,1.460713446140289307e-01,-3.477223217487335205e-02
3.258955776691436768e-01,1.548813879489898682e-01,9.716010536067187786e-04
3.150580227375030518e-01,1.454991996288299561e-01,1.022358462214469910e-01
2.588520050048828125e-01,1.061474233865737915e-01,1.810588836669921875e-01
2.588520050048828125e-01,1.061474233865737915e-01,1.810588836669921875e-01
3.361912965774536133e-01,1.612007617950439453e-01,1.762823462486267090e-01
3.364576399326324463e-01,1.615872234106063843e-01,4.093777760863304138e-02
2.555208802223205566e-01,1.004763394594192505e-01,-2.491469308733940125e-02
2.420860826969146729e-01,8.880563825368881226e-02,-2.786272205412387848e-02
2.945111989974975586e-01,1.260215938091278076e-01,-1.053985580801963806e-02
3.416543304920196533e-01,1.637700051069259644e-01,5.876545608043670654e-02
3.474026322364807129e-01,1.689567565917968750e-01,1.675331741571426392e-01
2.979837357997894287e-01,1.345845311880111694e-01,2.632055282592773438e-01
2.112062871456146240e-01,7.387265563011169434e-02,3.044773638248443604e-01
2.112062871456146240e-01,7.387265563011169434e-02,3.044773638248443604e-01
2.425414770841598511e-01,9.583020210266113281e-02,3.891108334064483643e-01
3.146292567253112793e-01,1.463165432214736938e-01,3.063025176525115967e-01
3.004935979843139648e-01,1.364153623580932617e-01,1.546922922134399414e-01
2.758255898952484131e-01,1.191388517618179321e-01,1.181316450238227844e-01
3.117510676383972168e-01,1.442950516939163208e-01,1.846627891063690186e-01
3.168565034866333008e-01,1.478749662637710571e-01,2.923691868782043457e-01
2.675473690032958984e-01,1.133521050214767456e-01,3.877343833446502686e-01
1.808073669672012329e-01,5.261224135756492615e-02,4.289121031761169434e-01
9.105331450700759888e-02,-1.024095620959997177e-02,3.986867964267730713e-01
9.105331450700759888e-02,-1.024095620959997177e-02,3.986867964267730713e-01
7.475572824478149414e-02,-2.165564522147178650e-02,4.894802272319793701e-01
1.731703728437423706e-01,4.726189002394676208e-02,4.755623042583465576e-01
2.359382808208465576e-01,9.123533964157104492e-02,3.432052135467529297e-01
2.340415567159652710e-01,8.991203457117080688e-02,2.964678704738616943e-01
2.302281856536865234e-01,8.724334836006164551e-02,3.762155771255493164e-01
1.814170032739639282e-01,5.305784568190574646e-02,4.663273692131042480e-01
9.509903192520141602e-02,-7.402512710541486740e-03,5.066629052162170410e-01
5.484047345817089081e-03,-7.016064971685409546e-02,4.762121140956878662e-01
-5.147103220224380493e-02,-1.100400388240814209e-01,3.864698708057403564e-01
-5.147103220224380493e-02,-1.100400388240814209e-01,3.864698708057403564e-01
-1.089788973331451416e-01,-1.502843201160430908e-01,4.475110173225402832e-01
-2.305611781775951385e-02,-9.012596309185028076e-02,5.081004500389099121e-01
9.220335632562637329e-02,-9.435418061912059784e-03,4.471376836299896240e-01
1.131115183234214783e-01,5.198968574404716492e-03,4.089728593826293945e-01
6.901877373456954956e-02,-2.567490004003047943e-02,4.718801379203796387e-01
-1.299023535102605820e-02,-8.309234678745269775e-02,5.067133307456970215e-01
-1.015249788761138916e-01,-1.450750529766082764e-01,4.757667779922485352e-01
-1.581613719463348389e-01,-1.847219020128250122e-01,3.859768807888031006e-01
-1.596883982419967651e-01,-1.857861280441284180e-01,2.726657092571258545e-01
-1.596883982419967651e-01,-1.857861280441284180e-01,2.726657092571258545e-01
-2.356642782688140869e-01,-2.389997541904449463e-01,2.798946201801300049e-01
-1.963015198707580566e-01,-2.114445418119430542e-01,3.911612331867218018e-01
-7.384464889764785767e-02,-1.256999075412750244e-01,4.260385930538177490e-01
-3.897679597139358521e-02,-1.012870967388153076e-01,4.108929038047790527e-01
-1.030050143599510193e-01,-1.461192965507507324e-01,4.290561676025390625e-01
-1.876618564128875732e-01,-2.053958177566528320e-01,3.972356319427490234e-01
-2.436006367206573486e-01,-2.445668578147888184e-01,3.076543807983398438e-01
-2.449394017457962036e-01,-2.455075830221176147e-01,1.944687366485595703e-01
-1.906719803810119629e-01,-2.075113505125045776e-01,1.026642844080924988e-01
-1.906719803810119629e-01,-2.075113505125045776e-01,1.026642844080924988e-01
-2.551946938037872314e-01,-2.526972889900207520e-01,5.315923690795898438e-02
-2.780420482158660889e-01,-2.686979174613952637e-01,1.711169183254241943e-01
-1.968533396720886230e-01,-2.118412405252456665e-01,2.882823348045349121e-01
-1.615545302629470825e-01,-1.871212571859359741e-01,3.014804124832153320e-01
-2.218787074089050293e-01,-2.293608635663986206e-01,2.692770659923553467e-01
-2.741299569606781006e-01,-2.659522891044616699e-01,1.820501536130905151e-01
-2.792799770832061768e-01,-2.695647776126861572e-01,8.945804089307785034e-02
-2.293518930673599243e-01,-2.340126037597656250e-01,-8.276571519672870636e-03
-1.642181277275085449e-01,-1.841727942228317261e-01,-2.696136757731437683e-02
-1.642181277275085449e-01,-1.841727942228317261e-01,-2.696136757731437683e-02
-2.308566272258758545e-01,-2.368700206279754639e-01,-1.887254044413566589e-02
-2.535160183906555176e-01,-2.528429627418518066e-01,-1.081393333151936531e-03
-2.665678858757019043e-01,-2.617232501506805420e-01,2.449679933488368988e-02
-2.671162486076354980e-01,-2.610857486724853516e-01,2.471273019909858704e-02
-2.675829529762268066e-01,-2.606305181980133057e-01,2.501418814063072205e-02
-2.683400809764862061e-01,-2.602035105228424072e-01,2.603643015027046204e-02
-2.661004662513732910e-01,-2.587689459323883057e-01,2.087648399174213409e-02
-2.311671227216720581e-01,-2.303139716386795044e-01,-1.116345543414354324e-02
-1.547442525625228882e-01,-1.733811646699905396e-01,-4.426864907145500183e-02
-1.547442525625228882e-01,-1.733811646699905396e-01,-4.426864907145500183e-02
-2.435431927442550659e-01,-2.270403653383255005e-01,-1.630567945539951324e-02
-2.625652253627777100e-01,-2.366380989551544189e-01,-9.764760034158825874e-04
-2.627865374088287354e-01,-2.364283204078674316e-01,-9.096094290725886822e-04
-2.627127468585968018e-01,-2.364221811294555664e-01,-1.011623302474617958e-03
-2.625713944435119629e-01,-2.365089952945709229e-01,-1.056632841937243938e-03
-2.623205184936523438e-01,-2.367616891860961914e-01,-1.057226094417273998e-03
-2.624630331993103027e-01,-2.365847676992416382e-01,-1.095533603802323341e-03
-2.340392768383026123e-01,-2.236146032810211182e-01,-9.240709245204925537e-03
-1.572460830211639404e-01,-1.723202317953109741e-01,-4.651385173201560974e-02
-1.572460830211639404e-01,-1.723202317953109741e-01,-4.651385173201560974e-02
-9.401123970746994019e-02,-3.142677545547485352e-01,2.943095862865447998e-01
9.133790433406829834e-02,7.713752985000610352e-02,5.009415149688720703e-01
1.654311865568161011e-01,3.000471591949462891e-01,1.770861148834228516e-01
1.359782218933105469e-01,2.176133543252944946e-01,-4.794759675860404968e-02
1.483967155218124390e-01,2.608953118324279785e-01,-4.920497909188270569e-02
1.614326834678649902e-01,2.978058457374572754e-01,-5.582781508564949036e-02
1.695280075073242188e-01,3.195540904998779297e-01,-5.849278531968593597e-03
1.658073663711547852e-01,3.083446025848388672e-01,1.018525809049606323e-01
1.423964053392410278e-01,2.371618300676345825e-01,1.853389590978622437e-01
1.423964053392410278e-01,2.371618300676345825e-01,1.853389590978622437e-01
1.700280904769897461e-01,3.183761835098266602e-01,5.646628886461257935e-02
1.639264076948165894e-01,3.140225708484649658e-01,-1.731185615062713623e-02
1.282155066728591919e-01,2.201270163059234619e-01,-4.938134551048278809e-02
1.251917779445648193e-01,1.959564536809921265e-01,-5.818699672818183899e-02
1.552693247795104980e-01,2.713510096073150635e-01,-2.926356904208660126e-02
1.682678014039993286e-01,3.087461292743682861e-01,-2.427327446639537811e-02
1.743529587984085083e-01,3.170597851276397705e-01,5.077302921563386917e-04
1.680489778518676758e-01,3.057031333446502686e-01,9.920541942119598389e-02
1.457435488700866699e-01,2.415173947811126709e-01,1.798422783613204956e-01
1.457435488700866699e-01,2.415173947811126709e-01,1.798422783613204956e-01
1.743339300155639648e-01,3.323867619037628174e-01,1.708361953496932983e-01
1.726139783859252930e-01,3.279738724231719971e-01,3.564293310046195984e-02
1.361920833587646484e-01,2.317271828651428223e-01,-2.813230082392692566e-02
1.403135657310485840e-01,2.178693860769271851e-01,-2.493763156235218048e-02
1.574993878602981567e-01,2.822486758232116699e-01,-3.962772432714700699e-03
1.742778718471527100e-01,3.365501165390014648e-01,6.085808947682380676e-02
1.768919825553894043e-01,3.431854844093322754e-01,1.679061353206634521e-01
1.583311408758163452e-01,2.859589159488677979e-01,2.632552981376647949e-01
1.251892745494842529e-01,1.854023635387420654e-01,3.044824004173278809e-01
1.251892745494842529e-01,1.854023635387420654e-01,3.044824004173278809e-01
1.372857093811035156e-01,2.217080593109130859e-01,3.891136050224304199e-01
1.649857908487319946e-01,3.052483499050140381e-01,3.063085973262786865e-01
1.595690250396728516e-01,2.888684272766113281e-01,1.546981334686279297e-01
1.501012295484542847e-01,2.602766752243041992e-01,1.181328073143959045e-01
1.638964563608169556e-01,3.019068539142608643e-01,1.846631020307540894e-01
1.658541262149810791e-01,3.078269362449645996e-01,2.923692762851715088e-01
1.469176262617111206e-01,2.506899833679199219e-01,3.877344131469726562e-01
1.136124655604362488e-01,1.501717269420623779e-01,4.289121031761169434e-01
7.915162295103073120e-02,4.615846648812294006e-02,3.986867964267730713e-01
7.915162295103073120e-02,4.615846648812294006e-02,3.986867964267730713e-01
7.290299236774444580e-02,2.729363180696964264e-02,4.894768893718719482e-01
1.106828823685646057e-01,1.413234174251556396e-01,4.755603373050689697e-01
1.347704678773880005e-01,2.140744328498840332e-01,3.432047963142395020e-01
1.340391635894775391e-01,2.118800133466720581e-01,2.964678108692169189e-01
1.325739771127700806e-01,2.074622064828872681e-01,3.762155771255493164e-01
1.138353422284126282e-01,1.508932709693908691e-01,4.663273692131042480e-01
8.070176839828491211e-02,5.085123702883720398e-02,5.066629052162170410e-01
4.629576206207275391e-02,-5.300277844071388245e-02,4.762121140956878662e-01
2.442489378154277802e-02,-1.190021038055419922e-01,3.864698708057403564e-01
2.442489378154277802e-02,-1.190021038055419922e-01,3.864698708057403564e-01
2.364461077377200127e-03,-1.855108737945556641e-01,4.507563114166259766e-01
3.741145506501197815e-02,-7.976664602756500244e-02,5.082169771194458008e-01
8.101929724216461182e-02,5.179442092776298523e-02,4.417617619037628174e-01
8.785691112279891968e-02,7.241515815258026123e-02,4.074973165988922119e-01
7.144640386104583740e-02,2.289177104830741882e-02,4.700993001461029053e-01
3.935886919498443604e-02,-7.392644137144088745e-02,5.066940188407897949e-01
5.219241604208946228e-03,-1.769268959760665894e-01,4.758149981498718262e-01
-1.655573211610317230e-02,-2.426123917102813721e-01,3.859910070896148682e-01
-1.714692451059818268e-02,-2.443834543228149414e-01,2.726684808731079102e-01
-1.714692451059818268e-02,-2.443834543228149414e-01,2.726684808731079102e-01
-4.630799591541290283e-02,-3.324241936206817627e-01,2.799240648746490479e-01
-3.119120001792907715e-02,-2.868226468563079834e-01,3.911665380001068115e-01
1.583070121705532074e-02,-1.449213922023773193e-01,4.260385632514953613e-01
2.922009490430355072e-02,-1.045198291540145874e-01,4.108927249908447266e-01
4.633230622857809067e-03,-1.787159591913223267e-01,4.290561676025390625e-01
-2.787476591765880585e-02,-2.768165767192840576e-01,3.972356319427490234e-01
-4.935337603092193604e-02,-3.416408300399780273e-01,3.076543807983398438e-01
-4.986548051238059998e-02,-3.431948721408843994e-01,1.944687366485595703e-01
-2.902594208717346191e-02,-2.803110182285308838e-01,1.026642844080924988e-01
-2.902594208717346191e-02,-2.803110182285308838e-01,1.026642844080924988e-01
-5.379813164472579956e-02,-3.550859391689300537e-01,5.315923690795898438e-02
-6.256967037916183472e-02,-3.815638720989227295e-01,1.711169183254241943e-01
-3.139852359890937805e-02,-2.874753475189208984e-01,2.882823348045349121e-01
-1.784618012607097626e-02,-2.465679347515106201e-01,3.014804124832153320e-01
-4.101003333926200867e-02,-3.164723217487335205e-01,2.692771255970001221e-01
-6.107144057750701904e-02,-3.770260214805603027e-01,1.820482760667800903e-01
-6.144747883081436157e-02,-3.781799674034118652e-01,6.957357376813888550e-02
-4.291864112019538879e-02,-3.239307403564453125e-01,-7.611471693962812424e-03
-1.625579968094825745e-02,-2.594371736049652100e-01,-1.533810608088970184e-02
-1.625579968094825745e-02,-2.594371736049652100e-01,-1.533810608088970184e-02
-3.037100471556186676e-02,-3.268527090549468994e-01,-2.234179712831974030e-02
-3.478101640939712524e-02,-3.589358627796173096e-01,-1.198595389723777771e-03
-3.568006679415702820e-02,-3.622469007968902588e-01,3.648086218163371086e-03
-4.034781083464622498e-02,-3.738793730735778809e-01,2.449001558125019073e-02
-4.276780039072036743e-02,-3.733451068401336670e-01,2.433498017489910126e-02
-4.439161717891693115e-02,-3.729199469089508057e-01,2.445906400680541992e-02
-4.414481297135353088e-02,-3.707533478736877441e-01,2.030456997454166412e-02
-3.716700151562690735e-02,-3.287506997585296631e-01,-5.279522389173507690e-03
-1.463196333497762680e-02,-2.571714520454406738e-01,-1.677604205906391144e-02
-1.463196333497762680e-02,-2.571714520454406738e-01,-1.677604205906391144e-02
-1.448510494083166122e-02,-3.090730905532836914e-01,-3.158587589859962463e-02
-1.581914909183979034e-02,-3.766751587390899658e-01,2.441786602139472961e-02
-1.577946916222572327e-02,-3.766078054904937744e-01,2.431730926036834717e-02
-1.549153961241245270e-02,-3.765737116336822510e-01,2.423884533345699310e-02
-1.484939176589250565e-02,-3.765965998172760010e-01,2.422119863331317902e-02
-1.871366868726909161e-03,-3.778432011604309082e-01,2.585978060960769653e-02
4.608405753970146179e-03,-3.760240375995635986e-01,2.225917764008045197e-02
-2.252150699496269226e-02,-3.306739330291748047e-01,-4.767491947859525681e-03
-1.361533906310796738e-02,-2.608363628387451172e-01,-7.920209318399429321e-03
-1.361533906310796738e-02,-2.608363628387451172e-01,-7.920209318399429321e-03
1.100367382168769836e-01,-2.733124494552612305e-01,3.527426719665527344e-01
7.888861931860446930e-03,1.815849691629409790e-01,4.740870893001556396e-01
-4.003605246543884277e-02,3.171516358852386475e-01,4.971605911850929260e-02
-1.879542320966720581e-02,2.463663816452026367e-01,-4.697850719094276428e-02
-3.665773943066596985e-02,2.987067699432373047e-01,-4.759700223803520203e-02
-4.730350896716117859e-02,3.356998562812805176e-01,-5.572097375988960266e-02
-5.516724288463592529e-02,3.577831089496612549e-01,-8.244499913416802883e-04
-4.923441261053085327e-02,3.462986052036285400e-01,1.016749367117881775e-01
-2.599005587399005890e-02,2.755891978740692139e-01,1.848990917205810547e-01
-2.599005587399005890e-02,2.755891978740692139e-01,1.848990917205810547e-01
-5.268874764442443848e-02,3.570045232772827148e-01,5.754246562719345093e-02
-5.030091851949691772e-02,3.555589616298675537e-01,-9.939179755747318268e-03
-1.197358127683401108e-02,2.507836520671844482e-01,-5.729954689741134644e-02
-8.327548392117023468e-03,2.329058945178985596e-01,-6.220663338899612427e-02
-3.587734699249267578e-02,3.108776509761810303e-01,-2.694836258888244629e-02
-4.641605913639068604e-02,3.506361842155456543e-01,-2.193842642009258270e-02
-5.437636002898216248e-02,3.593504726886749268e-01,1.230067480355501175e-02
-5.083712190389633179e-02,3.433237671852111816e-01,1.014235019683837891e-01
-2.958461269736289978e-02,2.786722481250762939e-01,1.805132031440734863e-01
-2.958461269736289978e-02,2.786722481250762939e-01,1.805132031440734863e-01
-5.924112349748611450e-02,3.683744966983795166e-01,1.752669066190719604e-01
-5.858419835567474365e-02,3.680509328842163086e-01,3.994706273078918457e-02
-2.046562731266021729e-02,2.719895243644714355e-01,-2.784913964569568634e-02
-1.513309776782989502e-02,2.561357319355010986e-01,-2.914987131953239441e-02
-4.111234471201896667e-02,3.175840973854064941e-01,-8.850488811731338501e-03
-6.020545959472656250e-02,3.740011453628540039e-01,5.955544486641883850e-02
-6.250841915607452393e-02,3.811455368995666504e-01,1.676722019910812378e-01
-4.354212805628776550e-02,3.240266442298889160e-01,2.632258832454681396e-01
-1.021596044301986694e-02,2.235083878040313721e-01,3.044812083244323730e-01
-1.021596044301986694e-02,2.235083878040313721e-01,3.044812083244323730e-01
-2.224846184253692627e-02,2.598330974578857422e-01,3.891118466854095459e-01
-4.993391782045364380e-02,3.433748185634613037e-01,3.063029348850250244e-01
-4.450159147381782532e-02,3.269941508769989014e-01,1.546926647424697876e-01
-3.502526134252548218e-02,2.984075546264648438e-01,1.181317791342735291e-01
-4.882070794701576233e-02,3.400386869907379150e-01,1.846628785133361816e-01
-5.078588426113128662e-02,3.459563851356506348e-01,2.923692464828491211e-01
-3.185557946562767029e-02,2.888174057006835938e-01,3.877344131469726562e-01
1.454881043173372746e-03,1.883008927106857300e-01,4.289121031761169434e-01
3.592543303966522217e-02,8.429084718227386475e-02,3.986867964267730713e-01
3.592543303966522217e-02,8.429084718227386475e-02,3.986867964267730713e-01
4.218630492687225342e-02,6.540413945913314819e-02,4.894802272319793701e-01
4.390075802803039551e-03,1.794502437114715576e-01,4.755623042583465576e-01
-1.973373629152774811e-02,2.521930634975433350e-01,3.432052135467529297e-01
-1.901002600789070129e-02,2.499964833259582520e-01,2.964678704738616943e-01
-1.754715666174888611e-02,2.455779165029525757e-01,3.762155771255493164e-01
1.202766550704836845e-03,1.890127509832382202e-01,4.663273692131042480e-01
3.436651080846786499e-02,8.898070454597473145e-02,5.066629052162170410e-01
6.878596544265747070e-02,-1.486884988844394684e-02,4.762121140956878662e-01
8.812575787305831909e-02,-7.323592901229858398e-02,4.056740403175354004e-01
8.812575787305831909e-02,-7.323592901229858398e-02,4.056740403175354004e-01
1.093142181634902954e-01,-1.372350901365280151e-01,4.596925377845764160e-01
7.464794814586639404e-02,-3.260321170091629028e-02,5.083087086677551270e-01
3.244499117136001587e-02,9.479624032974243164e-02,4.354238808155059814e-01
2.695931121706962585e-02,1.113637834787368774e-01,4.058124423027038574e-01
4.355755075812339783e-02,6.127216666936874390e-02,4.699062108993530273e-01
7.569917291402816772e-02,-3.574239090085029602e-02,5.066920518875122070e-01
1.098374798893928528e-01,-1.387932151556015015e-01,4.758201241493225098e-01
1.315981894731521606e-01,-2.044910490512847900e-01,3.859921693801879883e-01
1.321817040443420410e-01,-2.062650620937347412e-01,2.726684510707855225e-01
1.321817040443420410e-01,-2.062650620937347412e-01,2.726684510707855225e-01
1.569108515977859497e-01,-2.808695137500762939e-01,2.857252955436706543e-01
1.505694091320037842e-01,-2.617035210132598877e-01,3.790663778781890869e-01
1.063462421298027039e-01,-1.282403022050857544e-01,4.297193288803100586e-01
8.735418319702148438e-02,-7.092041522264480591e-02,4.132302701473236084e-01
1.107205450534820557e-01,-1.414379179477691650e-01,4.290703833103179932e-01
1.429837048053741455e-01,-2.388053983449935913e-01,3.971506357192993164e-01
1.644287407398223877e-01,-3.035174012184143066e-01,3.076307177543640137e-01
1.649430394172668457e-01,-3.050608932971954346e-01,1.944645196199417114e-01
1.441075801849365234e-01,-2.421766519546508789e-01,1.026640236377716064e-01
1.441075801849365234e-01,-2.421766519546508789e-01,1.026640236377716064e-01
1.688897907733917236e-01,-3.169485032558441162e-01,5.315900593996047974e-02
1.776655465364456177e-01,-3.434253633022308350e-01,1.711166352033615112e-01
1.464830189943313599e-01,-2.493410259485244751e-01,2.882819175720214844e-01
1.329253166913986206e-01,-2.084349095821380615e-01,3.014804422855377197e-01
1.560890525579452515e-01,-2.783393561840057373e-01,2.692770361900329590e-01
1.761574745178222656e-01,-3.388906717300415039e-01,1.820481866598129272e-01
1.765449494123458862e-01,-3.400408923625946045e-01,6.957380473613739014e-02
1.574797630310058594e-01,-2.856817245483398438e-01,-8.205462247133255005e-03
1.332844942808151245e-01,-2.222257405519485474e-01,-1.416578702628612518e-02
1.332844942808151245e-01,-2.222257405519485474e-01,-1.416578702628612518e-02
1.585687845945358276e-01,-2.853713631629943848e-01,-1.926317252218723297e-02
1.747899055480957031e-01,-3.302975594997406006e-01,2.432966232299804688e-02
1.747782379388809204e-01,-3.303501904010772705e-01,2.441477589309215546e-02
1.747204661369323730e-01,-3.304202854633331299e-01,2.458168379962444305e-02
1.744807660579681396e-01,-3.305679559707641602e-01,2.479905448853969574e-02
1.735828816890716553e-01,-3.310307264328002930e-01,2.532830461859703064e-02
1.740869581699371338e-01,-3.287320733070373535e-01,2.151224762201309204e-02
1.553477346897125244e-01,-2.896405756473541260e-01,-6.502018310129642487e-03
1.295993328094482422e-01,-2.202961444854736328e-01,-1.432976033538579941e-02
1.295993328094482422e-01,-2.202961444854736328e-01,-1.432976033538579941e-02
1.603712588548660278e-01,-2.930660247802734375e-01,-1.460339408367872238e-02
1.718304902315139771e-01,-3.310987353324890137e-01,2.412041649222373962e-02
1.717583686113357544e-01,-3.311865627765655518e-01,2.424986287951469421e-02
1.718118637800216675e-01,-3.312065601348876953e-01,2.436827868223190308e-02
1.716319918632507324e-01,-3.313173949718475342e-01,2.456199191510677338e-02
1.708856821060180664e-01,-3.316844701766967773e-01,2.501494623720645905e-02
1.711817979812622070e-01,-3.295545578002929688e-01,2.137141302227973938e-02
1.544646024703979492e-01,-2.902245223522186279e-01,-6.513216998428106308e-03
1.296960264444351196e-01,-2.218675315380096436e-01,-1.169744040817022324e-02
1.296960264444351196e-01,-2.218675315380096436e-01,-1.169744040817022324e-02
2.570814788341522217e-01,-1.647084504365921021e-01,3.365786075592041016e-01
-8.568993210792541504e-02,1.363381892442703247e-01,4.841164052486419678e-01
-2.258552014827728271e-01,2.327383011579513550e-01,6.917331367731094360e-02
-1.603844761848449707e-01,1.871595084667205811e-01,-4.620634764432907104e-02
-2.079160660505294800e-01,2.175520211458206177e-01,-4.806141555309295654e-02
-2.418078780174255371e-01,2.423097789287567139e-01,-5.094131082296371460e-02
-2.573619782924652100e-01,2.553689479827880859e-01,-2.275530947372317314e-03
-2.479000389575958252e-01,2.474817335605621338e-01,1.019518822431564331e-01
-1.868230253458023071e-01,2.046681493520736694e-01,1.851412653923034668e-01
-1.868230253458023071e-01,2.046681493520736694e-01,1.851412653923034668e-01
-2.568490803241729736e-01,2.539378702640533447e-01,5.718791484832763672e-02
-2.548424601554870605e-01,2.520385980606079102e-01,-1.005068700760602951e-02
-1.806791424751281738e-01,1.921805739402770996e-01,-3.720336779952049255e-02
-1.577789336442947388e-01,1.793768107891082764e-01,-4.503484815359115601e-02
-2.075391709804534912e-01,2.160569727420806885e-01,-4.822611808776855469e-02
-2.421219795942306519e-01,2.438650578260421753e-01,-4.245211556553840637e-02
-2.542226016521453857e-01,2.558901607990264893e-01,-4.340798594057559967e-03
-2.446721792221069336e-01,2.473402470350265503e-01,1.017683297395706177e-01
-1.877442002296447754e-01,2.074620425701141357e-01,1.813615262508392334e-01
-1.877442002296447754e-01,2.074620425701141357e-01,1.813615262508392334e-01
-2.661880850791931152e-01,2.608135640621185303e-01,1.769219487905502319e-01
-2.741974890232086182e-01,2.661648690700531006e-01,6.070223078131675720e-02
-2.028300613164901733e-01,2.127893865108489990e-01,-2.053886093199253082e-02
-1.785091161727905273e-01,1.932826191186904907e-01,-2.645753137767314911e-02
-2.248833477497100830e-01,2.288586199283599854e-01,-8.656088262796401978e-03
-2.715724706649780273e-01,2.639985382556915283e-01,5.899531766772270203e-02
-2.776774466037750244e-01,2.685071825981140137e-01,1.675749719142913818e-01
-2.283887267112731934e-01,2.339645922183990479e-01,2.632108330726623535e-01
-1.416506618261337280e-01,1.732027530670166016e-01,3.044794499874114990e-01
-1.416506618261337280e-01,1.732027530670166016e-01,3.044794499874114990e-01
-1.730026006698608398e-01,1.951394677162170410e-01,3.891118168830871582e-01
-2.451013177633285522e-01,2.456121891736984253e-01,3.063033819198608398e-01
-2.309635132551193237e-01,2.357153296470642090e-01,1.546930223703384399e-01
-2.062918692827224731e-01,2.184435427188873291e-01,1.181318312883377075e-01
-2.422180622816085815e-01,2.435984611511230469e-01,1.846628785133361816e-01
-2.473282366991043091e-01,2.471715658903121948e-01,2.923692464828491211e-01
-1.980226486921310425e-01,2.126435935497283936e-01,3.877344131469726562e-01
-1.112790480256080627e-01,1.519089192152023315e-01,4.289121031761169434e-01
-2.151869982481002808e-02,8.906474709510803223e-02,3.986867964267730713e-01
-2.151869982481002808e-02,8.906474709510803223e-02,3.986867964267730713e-01
-5.218303296715021133e-03,7.765407115221023560e-02,4.894802272319793701e-01
-1.036393865942955017e-01,1.465624272823333740e-01,4.755623042583465576e-01
-1.664287894964218140e-01,1.905051618814468384e-01,3.432052135467529297e-01
-1.645365804433822632e-01,1.891754120588302612e-01,2.964678704738616943e-01
-1.607245802879333496e-01,1.865047663450241089e-01,3.762155771255493164e-01
-1.119063124060630798e-01,1.523293852806091309e-01,4.663273692131042480e-01
-2.556968480348587036e-02,9.189566969871520996e-02,5.066629052162170410e-01
6.405379623174667358e-02,2.914966642856597900e-02,4.762121140956878662e-01
1.210079416632652283e-01,-1.073105726391077042e-02,3.864698708057403564e-01
1.210079416632652283e-01,-1.073105726391077042e-02,3.864698708057403564e-01
1.784940361976623535e-01,-5.100643262267112732e-02,4.475110173225402832e-01
9.257635474205017090e-02,9.159216657280921936e-03,5.081004500389099121e-01
-8.505115285515785217e-03,7.994837313890457153e-02,4.645795524120330811e-01
-4.139785096049308777e-02,1.029887869954109192e-01,4.141194820404052734e-01
-6.230367580428719521e-04,7.443860173225402832e-02,4.708670079708099365e-01
8.228301256895065308e-02,1.638131961226463318e-02,5.067034363746643066e-01
1.710157543420791626e-01,-4.576004669070243835e-02,4.757945537567138672e-01
2.276738733053207397e-01,-8.544288575649261475e-02,3.859848380088806152e-01
2.291989177465438843e-01,-8.651574701070785522e-02,2.726674377918243408e-01
2.291989177465438843e-01,-8.651574701070785522e-02,2.726674377918243408e-01
3.051881790161132812e-01,-1.397092640399932861e-01,2.798958420753479004e-01
2.658311724662780762e-01,-1.121442914009094238e-01,3.911620378494262695e-01
1.433747112751007080e-01,-2.639874070882797241e-02,4.260383844375610352e-01
1.084297150373458862e-01,-1.928222482092678547e-03,4.108378887176513672e-01
1.725217849016189575e-01,-4.680669680237770081e-02,4.290551543235778809e-01
2.571908831596374512e-01,-1.060934886336326599e-01,3.972373604774475098e-01
3.131338655948638916e-01,-1.452628821134567261e-01,3.076547980308532715e-01
3.144758641719818115e-01,-1.461992561817169189e-01,1.944688856601715088e-01
2.602105438709259033e-01,-1.082000359892845154e-01,1.026643440127372742e-01
2.602105438709259033e-01,-1.082000359892845154e-01,1.026643440127372742e-01
3.247395157814025879e-01,-1.533770710229873657e-01,5.315932258963584900e-02
3.475894033908843994e-01,-1.693740040063858032e-01,1.711170077323913574e-01
2.663935720920562744e-01,-1.125277802348136902e-01,2.882820665836334229e-01
2.310913205146789551e-01,-8.781236410140991211e-02,3.014804422855377197e-01
2.914156913757324219e-01,-1.300518065690994263e-01,2.692770361900329590e-01
3.436718881130218506e-01,-1.666372865438461304e-01,1.820481866598129272e-01
3.446734547615051270e-01,-1.673312634229660034e-01,6.958891451358795166e-02
2.972718477249145508e-01,-1.338649541139602661e-01,-8.674184791743755341e-03
2.371455878019332886e-01,-8.771082758903503418e-02,-2.172737568616867065e-02
2.371455878019332886e-01,-8.771082758903503418e-02,-2.172737568616867065e-02
3.027205467224121094e-01,-1.365064084529876709e-01,-1.831411197781562805e-02
3.243321180343627930e-01,-1.517084389925003052e-01,-1.130676013417541981e-03
3.270157873630523682e-01,-1.534761637449264526e-01,3.407293464988470078e-03
3.370765447616577148e-01,-1.609837859869003296e-01,2.457641437649726868e-02
3.365983366966247559e-01,-1.619115173816680908e-01,2.486418001353740692e-02
3.367795050144195557e-01,-1.621609628200531006e-01,2.548384480178356171e-02
3.344760239124298096e-01,-1.608346849679946899e-01,2.041867561638355255e-02
2.991684675216674805e-01,-1.336198598146438599e-01,-9.726029820740222931e-03
2.236288338899612427e-01,-7.760781794786453247e-02,-4.300835356116294861e-02
2.236288338899612427e-01,-7.760781794786453247e-02,-4.300835356116294861e-02
3.045109808444976807e-01,-1.395456194877624512e-01,-1.662166975438594818e-02
3.233409225940704346e-01,-1.530159115791320801e-01,-1.071704667992889881e-03
3.233355283737182617e-01,-1.530461758375167847e-01,-1.092683989554643631e-03
3.233223557472229004e-01,-1.530857831239700317e-01,-1.101795234717428684e-03
3.232999742031097412e-01,-1.531517207622528076e-01,-1.112009282223880291e-03
3.232466578483581543e-01,-1.532578915357589722e-01,-1.125531503930687904e-03
3.232205212116241455e-01,-1.531734615564346313e-01,-1.331574865616858006e-03
2.976401746273040771e-01,-1.316867619752883911e-01,-1.068394444882869720e-02
2.228560000658035278e-01,-7.668053358793258667e-02,-4.291565343737602234e-02
2.228560000658035278e-01,-7.668053358793258667e-02,-4.291565343737602234e-02
3.154036700725555420e-01,2.442253008484840393e-02,3.184590339660644531e-01
-1.350335776805877686e-01,6.052597612142562866e-02,4.903400838375091553e-01
-3.227174580097198486e-01,5.275106057524681091e-02,8.118487149477005005e-02
-2.499928623437881470e-01,5.649349465966224670e-02,-4.034554213285446167e-02
-2.910491228103637695e-01,5.072007700800895691e-02,-5.315265432000160217e-02
-3.326080143451690674e-01,4.702024906873703003e-02,-5.846844986081123352e-02
-3.578860163688659668e-01,4.912045970559120178e-02,-4.379763267934322357e-03
-3.457485139369964600e-01,5.240636318922042847e-02,1.017103195190429688e-01
-2.706564068794250488e-01,5.454273521900177002e-02,1.852580159902572632e-01
-2.706564068794250488e-01,5.454273521900177002e-02,1.852580159902572632e-01
-3.568431138992309570e-01,5.239563807845115662e-02,5.548831075429916382e-02
-3.589760065078735352e-01,5.213157087564468384e-02,-2.975912648253142834e-04
-2.713335752487182617e-01,5.692412331700325012e-02,-4.418764635920524597e-02
-2.310252785682678223e-01,6.121911108493804932e-02,-6.513166427612304688e-02
-2.983494699001312256e-01,5.695038661360740662e-02,-4.175038263201713562e-02
-3.388734757900238037e-01,6.203298270702362061e-02,-4.733961448073387146e-02
-3.577456772327423096e-01,5.659597367048263550e-02,-1.991145079955458641e-03
-3.430536091327667236e-01,5.600852891802787781e-02,1.037494316697120667e-01
-2.733343243598937988e-01,5.364267900586128235e-02,1.820192784070968628e-01
-2.733343243598937988e-01,5.364267900586128235e-02,1.820192784070968628e-01
-3.684998750686645508e-01,4.917813837528228760e-02,1.783129423856735229e-01
-3.708697557449340820e-01,4.936387389898300171e-02,4.301778972148895264e-02
-2.772702872753143311e-01,5.326168984174728394e-02,-2.095908671617507935e-02
-2.545900344848632812e-01,5.599879845976829529e-02,-2.710151858627796173e-02
-3.114103376865386963e-01,5.149760097265243530e-02,-1.633160561323165894e-02
-3.751246333122253418e-01,4.897958040237426758e-02,5.801653489470481873e-02
-3.830731213092803955e-01,4.897992312908172607e-02,1.674055010080337524e-01
-3.229127824306488037e-01,5.102502927184104919e-02,2.631898522377014160e-01
-2.170494496822357178e-01,5.424389988183975220e-02,3.044772148132324219e-01
-2.170494496822357178e-01,5.424389988183975220e-02,3.044772148132324219e-01
-2.552950680255889893e-01,5.318229272961616516e-02,3.891120553016662598e-01
-3.432687222957611084e-01,5.063735693693161011e-02,3.063068985939025879e-01
-3.260223865509033203e-01,5.114902928471565247e-02,1.546968221664428711e-01
-2.959172427654266357e-01,5.203065276145935059e-02,1.181325837969779968e-01
-3.406852185726165771e-01,5.072867125272750854e-02,1.872109323740005493e-01
-3.458748459815979004e-01,5.057341605424880981e-02,2.928156554698944092e-01
-2.857598662376403809e-01,5.231916904449462891e-02,3.877843320369720459e-01
-1.799594759941101074e-01,5.540008097887039185e-02,4.289128482341766357e-01
-7.044403254985809326e-02,5.859138071537017822e-02,3.986854851245880127e-01
-7.044403254985809326e-02,5.859138071537017822e-02,3.986854851245880127e-01
-5.055514723062515259e-02,5.917239189147949219e-02,4.894797205924987793e-01
-1.706504970788955688e-01,5.567321181297302246e-02,4.755633771419525146e-01
-2.472763657569885254e-01,5.342568457126617432e-02,3.429931104183197021e-01
-2.449373751878738403e-01,5.348958075046539307e-02,2.964188158512115479e-01
-2.402957379817962646e-01,5.362335965037345886e-02,3.762075006961822510e-01
-1.807281672954559326e-01,5.536232143640518188e-02,4.663264751434326172e-01
-7.538627833127975464e-02,5.844298377633094788e-02,5.066629052162170410e-01
3.397239744663238525e-02,6.163167208433151245e-02,4.762121737003326416e-01
1.034718379378318787e-01,6.365261971950531006e-02,3.864698708057403564e-01
1.034718379378318787e-01,6.365261971950531006e-02,3.864698708057403564e-01
1.587306708097457886e-01,6.524830311536788940e-02,4.437751770019531250e-01
8.695928007364273071e-02,6.315777450799942017e-02,5.065619349479675293e-01
-5.572830885648727417e-02,5.901806801557540894e-02,4.636759757995605469e-01
-9.486794471740722656e-02,5.788492038846015930e-02,4.138413369655609131e-01
-4.499567672610282898e-02,5.933593958616256714e-02,4.708347320556640625e-01
5.620979517698287964e-02,6.227521598339080811e-02,5.067030787467956543e-01
1.645006835460662842e-01,6.541721522808074951e-02,4.757955074310302734e-01
2.336457818746566772e-01,6.742015480995178223e-02,3.859851062297821045e-01
2.346871495246887207e-01,6.744676828384399414e-02,2.701194882392883301e-01
2.346871495246887207e-01,6.744676828384399414e-02,2.701194882392883301e-01
3.140541315078735352e-01,6.976309418678283691e-02,2.837765812873840332e-01
2.952105700969696045e-01,6.922374665737152100e-02,3.776452541351318359e-01
1.554477363824844360e-01,6.515906006097793579e-02,4.298531413078308105e-01
9.344047307968139648e-02,6.335674971342086792e-02,4.134283065795898438e-01
1.673344820737838745e-01,6.550603359937667847e-02,4.290699660778045654e-01
2.697930932044982910e-01,6.848599761724472046e-02,3.971426486968994141e-01
3.387826979160308838e-01,7.049497216939926147e-02,3.050936460494995117e-01
3.394140005111694336e-01,7.051595300436019897e-02,1.940347999334335327e-01
2.732712328433990479e-01,6.859362125396728516e-02,1.026198193430900574e-01
2.732712328433990479e-01,6.859362125396728516e-02,1.026198193430900574e-01
3.520400524139404297e-01,7.089047133922576904e-02,5.311283469200134277e-02
3.799661993980407715e-01,7.170510292053222656e-02,1.710622757673263550e-01
2.809259891510009766e-01,6.881765276193618774e-02,2.882595360279083252e-01
2.378162443637847900e-01,6.756071001291275024e-02,3.014777600765228271e-01
3.114152550697326660e-01,6.970185786485671997e-02,2.692756056785583496e-01
3.691557049751281738e-01,7.138419896364212036e-02,1.973765045404434204e-01
3.772348165512084961e-01,7.162602990865707397e-02,7.231416553258895874e-02
3.196174204349517822e-01,6.999114900827407837e-02,-7.300922647118568420e-03
2.591744363307952881e-01,6.872181594371795654e-02,-5.774289835244417191e-03
2.591744363307952881e-01,6.872181594371795654e-02,-5.774289835244417191e-03
3.228441476821899414e-01,7.147977501153945923e-02,-1.852706074714660645e-02
3.517150580883026123e-01,6.804342567920684814e-02,2.773671003524214029e-04
3.663209080696105957e-01,6.897646188735961914e-02,2.430763468146324158e-02
3.663187921047210693e-01,6.901057064533233643e-02,2.432454191148281097e-02
3.663159906864166260e-01,6.891170144081115723e-02,2.434208802878856659e-02
3.663076460361480713e-01,6.832384318113327026e-02,2.434470690786838531e-02
3.649759292602539062e-01,6.822390854358673096e-02,2.185036614537239075e-02
3.237821459770202637e-01,6.897736340761184692e-02,-2.470258157700300217e-03
2.557049393653869629e-01,6.570608168840408325e-02,2.878615399822592735e-03
2.557049393653869629e-01,6.570608168840408325e-02,2.878615399822592735e-03
3.295243680477142334e-01,7.435745745897293091e-02,-1.288378331810235977e-02
3.503701984882354736e-01,7.980298995971679688e-02,-1.149332732893526554e-03
3.504106700420379639e-01,8.000896871089935303e-02,-1.127077732235193253e-03
3.508890867233276367e-01,8.017843216657638550e-02,-4.561765526887029409e-04
3.517469167709350586e-01,8.029245585203170776e-02,7.876047166064381599e-04
3.527245819568634033e-01,8.030290156602859497e-02,2.220191992819309235e-03
3.538120687007904053e-01,8.066847175359725952e-02,3.815961768850684166e-03
3.220568001270294189e-01,7.168058305978775024e-02,-3.147751325741410255e-03
2.557684779167175293e-01,6.570766121149063110e-02,2.973985159769654274e-03
2.557684779167175293e-01,6.570766121149063110e-02,2.973985159769654274e-03
2.063798308372497559e-01,1.861902028322219849e-01,3.732251226902008057e-01
-1.931704729795455933e-01,-7.061832398176193237e-02,4.598867297172546387e-01
-2.780304849147796631e-01,-1.414594203233718872e-01,2.707933448255062103e-02
-2.234893590211868286e-01,-1.007096841931343079e-01,-4.650292545557022095e-02
-2.691586613655090332e-01,-1.376918852329254150e-01,-4.614594578742980957e-02
-3.092985451221466064e-01,-1.686952412128448486e-01,-3.046305105090141296e-02
-3.183284997940063477e-01,-1.734434664249420166e-01,3.233614261262118816e-04
-3.083118200302124023e-01,-1.656824946403503418e-01,1.019647568464279175e-01
-2.499031722545623779e-01,-1.196153983473777771e-01,1.850005835294723511e-01
-2.499031722545623779e-01,-1.196153983473777771e-01,1.850005835294723511e-01
-3.173312842845916748e-01,-1.725563704967498779e-01,5.702450871467590332e-02
-3.154806494712829590e-01,-1.697604209184646606e-01,-9.123096242547035217e-03
-2.397074848413467407e-01,-1.048122420907020569e-01,-3.377258032560348511e-02
-2.273385226726531982e-01,-9.556384384632110596e-02,-3.425217419862747192e-02
-2.706780731678009033e-01,-1.360736489295959473e-01,-4.456618800759315491e-02
-3.065797686576843262e-01,-1.646600961685180664e-01,-3.295409679412841797e-02
-3.160002231597900391e-01,-1.733935177326202393e-01,-4.419759789016097784e-04
-3.065400123596191406e-01,-1.634850800037384033e-01,1.019144207239151001e-01
-2.523746192455291748e-01,-1.207607164978981018e-01,1.811224222183227539e-01
-2.523746192455291748e-01,-1.207607164978981018e-01,1.811224222183227539e-01
-3.262405097484588623e-01,-1.803567111492156982e-01,1.764724254608154297e-01
-3.265856504440307617e-01,-1.809175163507461548e-01,4.113686084747314453e-02
-2.489986419677734375e-01,-1.152817979454994202e-01,-2.562355622649192810e-02
-2.364834696054458618e-01,-1.027277931571006775e-01,-2.801163494586944580e-02
-2.866040468215942383e-01,-1.427659392356872559e-01,-1.079972833395004272e-02
-3.315513730049133301e-01,-1.833327710628509521e-01,5.869505926966667175e-02
-3.364700376987457275e-01,-1.884551197290420532e-01,1.701646447181701660e-01
-2.893761992454528809e-01,-1.514646410942077637e-01,2.634999155998229980e-01
-2.064920812845230103e-01,-8.598051965236663818e-02,3.044818341732025146e-01
-2.064920812845230103e-01,-8.598051965236663818e-02,3.044818341732025146e-01
-2.365176677703857422e-01,-1.097399517893791199e-01,3.891323506832122803e-01
-3.055733740329742432e-01,-1.643532961606979370e-01,3.063544929027557373e-01
-2.920735776424407959e-01,-1.536757051944732666e-01,1.547374576330184937e-01
-2.684375941753387451e-01,-1.349825561046600342e-01,1.181401088833808899e-01
-3.028330206871032715e-01,-1.621802896261215210e-01,1.846647262573242188e-01
-3.077210187911987305e-01,-1.660505235195159912e-01,2.923695445060729980e-01
-2.605028450489044189e-01,-1.287186741828918457e-01,3.877344429492950439e-01
-1.774418801069259644e-01,-6.303753703832626343e-02,4.289120733737945557e-01
-9.149476140737533569e-02,4.928681533783674240e-03,3.986867964267730713e-01
-9.149476140737533569e-02,4.928681533783674240e-03,3.986867964267730713e-01
-7.588854432106018066e-02,1.727178320288658142e-02,4.894802272319793701e-01
-1.701289266347885132e-01,-5.725217610597610474e-02,4.755623042583465576e-01
-2.302334606647491455e-01,-1.048012971878051758e-01,3.432052135467529297e-01
-2.284169048070907593e-01,-1.033699214458465576e-01,2.964678704738616943e-01
-2.241552621126174927e-01,-1.000003069639205933e-01,3.788125216960906982e-01
-1.893602758646011353e-01,-7.249166071414947510e-02,4.532426297664642334e-01
-9.817934036254882812e-02,-3.663496172521263361e-04,5.064494013786315918e-01
-9.951524436473846436e-03,6.940872222185134888e-02,4.765477776527404785e-01
4.495776444673538208e-02,1.128254905343055725e-01,3.865663409233093262e-01
4.495776444673538208e-02,1.128254905343055725e-01,3.865663409233093262e-01
1.000186055898666382e-01,1.563385576009750366e-01,4.475682675838470459e-01
1.771893724799156189e-02,9.126906096935272217e-02,5.081046223640441895e-01
-9.263199567794799805e-02,4.029137548059225082e-03,4.470866322517395020e-01
-1.126235350966453552e-01,-1.177245937287807465e-02,4.089586436748504639e-01
-7.209966331720352173e-02,2.027014829218387604e-02,4.702677726745605469e-01
7.775289472192525864e-03,8.342184871435165405e-02,5.066960453987121582e-01
9.286592900753021240e-02,1.506933718919754028e-01,4.758104979991912842e-01
1.471482217311859131e-01,1.936040818691253662e-01,3.859893381595611572e-01
1.486148685216903687e-01,1.947585344314575195e-01,2.726683616638183594e-01
1.486148685216903687e-01,1.947585344314575195e-01,2.726683616638183594e-01
2.213669419288635254e-01,2.522997260093688965e-01,2.798965871334075928e-01
1.836720705032348633e-01,2.225012183189392090e-01,3.911625146865844727e-01
6.640845537185668945e-02,1.297803074121475220e-01,4.260382056236267090e-01
3.294426202774047852e-02,1.033216789364814758e-01,4.108377993106842041e-01
9.431890398263931274e-02,1.518504917621612549e-01,4.290551543235778809e-01
1.771260499954223633e-01,2.173261791467666626e-01,3.956990540027618408e-01
2.290821224451065063e-01,2.584107518196105957e-01,3.072259128093719482e-01
2.302297800779342651e-01,2.593216300010681152e-01,1.943960636854171753e-01
1.782737374305725098e-01,2.182417511940002441e-01,1.026568263769149780e-01
1.782737374305725098e-01,2.182417511940002441e-01,1.026568263769149780e-01
2.400636970996856689e-01,2.671066522598266602e-01,5.315157771110534668e-02
2.619477212429046631e-01,2.844134271144866943e-01,1.711079180240631104e-01
1.842072755098342896e-01,2.229351997375488281e-01,2.882786393165588379e-01
1.504011005163192749e-01,1.962006539106369019e-01,3.014800250530242920e-01
2.081654816865921021e-01,2.418757081031799316e-01,2.692769169807434082e-01
2.523362636566162109e-01,2.768051326274871826e-01,2.005416750907897949e-01
2.599839866161346436e-01,2.828610539436340332e-01,7.304896414279937744e-02
2.142820805311203003e-01,2.462518513202667236e-01,-8.239737711846828461e-03
1.517036855220794678e-01,1.928020119667053223e-01,-2.823626063764095306e-02
1.517036855220794678e-01,1.928020119667053223e-01,-2.823626063764095306e-02
2.204002887010574341e-01,2.515891194343566895e-01,-1.126780826598405838e-02
2.380895316600799561e-01,2.673309445381164551e-01,-1.072656712494790554e-03
2.506997883319854736e-01,2.766947150230407715e-01,2.425241284072399139e-02
2.514599263668060303e-01,2.758622765541076660e-01,2.438033185899257660e-02
2.522817850112915039e-01,2.750157415866851807e-01,2.465230226516723633e-02
2.531770765781402588e-01,2.745032012462615967e-01,2.565926685929298401e-02
2.510930299758911133e-01,2.728515267372131348e-01,2.052823267877101898e-02
2.159663885831832886e-01,2.456862032413482666e-01,-9.337788447737693787e-03
1.505364775657653809e-01,1.942292004823684692e-01,-2.690740860998630524e-02
1.505364775657653809e-01,1.942292004823684692e-01,-2.690740860998630524e-02
2.194668501615524292e-01,2.529203593730926514e-01,-1.710537821054458618e-02
2.382279336452484131e-01,2.672554254531860352e-01,-1.069116173312067986e-03
2.381671965122222900e-01,2.673005759716033936e-01,-1.068716286681592464e-03
2.381389290094375610e-01,2.672475874423980713e-01,-1.069577061571180820e-03
2.381334900856018066e-01,2.671447396278381348e-01,-1.066245487891137600e-03
2.382131814956665039e-01,2.669177949428558350e-01,-1.067418139427900314e-03
2.381304204463958740e-01,2.668685019016265869e-01,-1.145165995694696903e-03
2.149422615766525269e-01,2.419569045305252075e-01,-1.263848040252923965e-02
1.434489339590072632e-01,1.820384263992309570e-01,-4.658694565296173096e-02
1.434489339590072632e-01,1.820384263992309570e-01,-4.658694565296173096e-02
7.266995310783386230e-02,3.158845901489257812e-01,3.040944933891296387e-01
-9.116430580615997314e-02,-9.503950923681259155e-02,4.965281486511230469e-01
-1.435721516609191895e-01,-2.961749732494354248e-01,9.722682833671569824e-02
-1.216515302658081055e-01,-2.126762568950653076e-01,-5.219389498233795166e-02
-1.334538012742996216e-01,-2.682392895221710205e-01,-4.898538067936897278e-02
-1.436903476715087891e-01,-3.063890933990478516e-01,-5.644435063004493713e-02
-1.523047834634780884e-01,-3.281893134117126465e-01,-5.338413640856742859e-03
-1.488139331340789795e-01,-3.168640136718750000e-01,1.017369329929351807e-01
-1.291687339544296265e-01,-2.445620298385620117e-01,1.852860003709793091e-01
-1.291687339544296265e-01,-2.445620298385620117e-01,1.852860003709793091e-01
-1.518789082765579224e-01,-3.272320330142974854e-01,5.605040863156318665e-02
-1.470475941896438599e-01,-3.250929713249206543e-01,-1.279796473681926727e-02
-1.163733527064323425e-01,-2.297652661800384521e-01,-4.943783953785896301e-02
-1.145511344075202942e-01,-2.074048072099685669e-01,-5.982938408851623535e-02
-1.373048722743988037e-01,-2.663147151470184326e-01,-4.068279638886451721e-02
-1.515991836786270142e-01,-3.095566332340240479e-01,-4.352514818310737610e-02
-1.569513231515884399e-01,-3.262391388416290283e-01,-3.501339815557003021e-03
-1.514215022325515747e-01,-3.138172626495361328e-01,1.010096222162246704e-01
-1.303731799125671387e-01,-2.479802072048187256e-01,1.809526681900024414e-01
-1.303731799125671387e-01,-2.479802072048187256e-01,1.809526681900024414e-01
-1.532661914825439453e-01,-3.398800790309906006e-01,1.760643273591995239e-01
-1.534892022609710693e-01,-3.400505185127258301e-01,4.074008390307426453e-02
-1.244324743747711182e-01,-2.455796897411346436e-01,-2.476231567561626434e-02
-1.267378032207489014e-01,-2.266708016395568848e-01,-2.539449930191040039e-02
-1.407583951950073242e-01,-2.909767925739288330e-01,-4.107450135052204132e-03
-1.546052098274230957e-01,-3.460422456264495850e-01,6.075160205364227295e-02
-1.568375378847122192e-01,-3.528410792350769043e-01,1.678868979215621948e-01
-1.415299624204635620e-01,-2.946864962577819824e-01,2.632304131984710693e-01
-1.195866465568542480e-01,-2.124603092670440674e-01,3.021497428417205811e-01
-1.195866465568542480e-01,-2.124603092670440674e-01,3.021497428417205811e-01
-1.291635185480117798e-01,-2.479594349861145020e-01,3.817270398139953613e-01
-1.486877202987670898e-01,-3.207600414752960205e-01,2.827244400978088379e-01
-1.389716416597366333e-01,-2.844615280628204346e-01,1.352176368236541748e-01
-1.336631476879119873e-01,-2.646304965019226074e-01,1.143785342574119568e-01
-1.459808200597763062e-01,-3.105989098548889160e-01,1.837911158800125122e-01
-1.476880460977554321e-01,-3.169852197170257568e-01,2.922152578830718994e-01
-1.321006417274475098e-01,-2.588272094726562500e-01,3.877172172069549561e-01
-1.046912446618080139e-01,-1.565270572900772095e-01,4.289118647575378418e-01
-7.633446156978607178e-02,-5.068241059780120850e-02,3.986871540546417236e-01
-7.633446156978607178e-02,-5.068241059780120850e-02,3.986871540546417236e-01
-7.118672132492065430e-02,-3.146236389875411987e-02,4.894803166389465332e-01
-1.022788882255554199e-01,-1.475154906511306763e-01,4.755620360374450684e-01
-1.220972016453742981e-01,-2.215469479560852051e-01,3.432047963142395020e-01
-1.214947998523712158e-01,-2.193139940500259399e-01,2.964677810668945312e-01
-1.202889308333396912e-01,-2.148185074329376221e-01,3.762155771255493164e-01
-1.048706248402595520e-01,-1.572558879852294922e-01,4.663273692131042480e-01
-7.760903984308242798e-02,-5.545682832598686218e-02,5.066629052162170410e-01
-4.929878190159797668e-02,5.022173002362251282e-02,4.762121140956878662e-01
-3.130177780985832214e-02,1.173809021711349487e-01,3.864698708057403564e-01
-3.130177780985832214e-02,1.173809021711349487e-01,3.864698708057403564e-01
-1.311585307121276855e-02,1.851749271154403687e-01,4.475109875202178955e-01
-4.026877135038375854e-02,8.386119455099105835e-02,5.081004500389099121e-01
-7.669749855995178223e-02,-5.203824862837791443e-02,4.471376836299896240e-01
-8.330759406089782715e-02,-7.668826729059219360e-02,4.089728593826293945e-01
-6.993728876113891602e-02,-2.679224498569965363e-02,4.702693819999694824e-01
-4.357774555683135986e-02,7.155902683734893799e-02,5.066960453987121582e-01
-1.491996925324201584e-02,1.784728169441223145e-01,4.742860794067382812e-01
2.462298376485705376e-03,2.433091253042221069e-01,3.855601847171783447e-01
2.904700348153710365e-03,2.449444830417633057e-01,2.725949883460998535e-01
2.904700348153710365e-03,2.449444830417633057e-01,2.725949883460998535e-01
2.690802700817584991e-02,3.345682621002197266e-01,2.798405289649963379e-01
1.447605248540639877e-02,2.881956398487091064e-01,3.911268413066864014e-01
-2.428399026393890381e-02,1.435509473085403442e-01,4.260029196739196777e-01
-3.528351336717605591e-02,1.025074049830436707e-01,4.108178913593292236e-01
-1.502197049558162689e-02,1.781183481216430664e-01,4.290553331375122070e-01
1.173398178070783615e-02,2.779652774333953857e-01,3.972381353378295898e-01
2.940863929688930511e-02,3.439319431781768799e-01,3.076550662517547607e-01
2.982960641384124756e-02,3.455134034156799316e-01,1.944688856601715088e-01
1.268104277551174164e-02,2.815243601799011230e-01,1.026643142104148865e-01
1.268104277551174164e-02,2.815243601799011230e-01,1.026643142104148865e-01
3.306432068347930908e-02,3.576129674911499023e-01,5.315941199660301208e-02
4.028174281120300293e-02,3.845560550689697266e-01,1.711166501045227051e-01
1.463315729051828384e-02,2.888146340847015381e-01,2.882821559906005859e-01
3.481870051473379135e-03,2.471885085105895996e-01,3.014802634716033936e-01
2.254266478121280670e-02,3.183212578296661377e-01,2.692769467830657959e-01
3.904987126588821411e-02,3.799387514591217041e-01,1.820480972528457642e-01
3.935820609331130981e-02,3.811126649379730225e-01,6.957389414310455322e-02
2.411485835909843445e-02,3.259895145893096924e-01,-7.438729517161846161e-03
2.291472395882010460e-03,2.621002793312072754e-01,-1.287490315735340118e-02
2.291472395882010460e-03,2.621002793312072754e-01,-1.287490315735340118e-02
1.251174788922071457e-02,3.295979201793670654e-01,-2.120384015142917633e-02
1.394830457866191864e-02,3.603411018848419189e-01,-1.191148534417152405e-03
1.459265965968370438e-02,3.635830879211425781e-01,3.475163364782929420e-03
1.811479590833187103e-02,3.755544424057006836e-01,2.426975592970848083e-02
1.858853548765182495e-02,3.754738569259643555e-01,2.422747761011123657e-02
1.873253472149372101e-02,3.754473626613616943e-01,2.423115633428096771e-02
1.766272448003292084e-02,3.734774887561798096e-01,2.028139494359493256e-02
1.723856851458549500e-02,3.307751119136810303e-01,-4.901939071714878082e-03
1.133518759161233902e-03,2.589108347892761230e-01,-1.221245899796485901e-02
1.133518759161233902e-03,2.589108347892761230e-01,-1.221245899796485901e-02
3.031181357800960541e-02,3.238946199417114258e-01,-2.152448520064353943e-02
4.309800639748573303e-02,3.531527221202850342e-01,-1.052768900990486145e-03
4.294876754283905029e-02,3.532169461250305176e-01,-1.059449161402881145e-03
4.287008941173553467e-02,3.532556891441345215e-01,-1.058022491633892059e-03
4.282071441411972046e-02,3.532899022102355957e-01,-1.053272164426743984e-03
4.277229681611061096e-02,3.533326089382171631e-01,-1.067524426616728306e-03
4.274346679449081421e-02,3.534047603607177734e-01,-9.585350635461509228e-04
2.511808089911937714e-02,3.279882967472076416e-01,-3.285841317847371101e-03
2.907126210629940033e-03,2.618328332901000977e-01,-3.433049423620104790e-03
